gatherings,obl,mean.width,mean.height,n
1to,FALSE,NA,NA,1272
4to,FALSE,NA,27,32016
4to,TRUE,27,NA,1
6to,FALSE,NA,NA,29
8long,FALSE,NA,22.3333333333333,1
8vo,FALSE,NA,22.3333333333333,5320
NA,FALSE,16.7432432432432,24.1470211161388,347123
NA,TRUE,24.1470211161388,16.7432432432432,9
